,comment,label,id,margins
0,do not even let me write my own name,Bug,79361,0.0
1,nicknames ang emoji for your chat mate is gone,Bug,193104,0.0
2,it is just terrible update followed by terrible update. you continuously make this application worse with updates. now you cannot quickly edit pictures that you want to send from your gallery. i do not know who is advising you on your updates but maybe they should talk to the people having the application before f**king it all up.,Bug,43793,0.0
3,nt clear in video calls,Bug,161979,0.0
4,it is not as user friendly as it first was.,Bug,129397,0.0
5,besides occasional crash amazing product tons potential depending work,Bug,286738,
6,could great application predictable full bugs unpredictable able check take screen shot boarding pass print backup copy may able access need,Bug,286739,
7,open since last 2 updates popups go crazy iphone 5 uninstalling,Bug,286740,
8,use love application working new update pages scroll downnone different tabs workits frozen please fix asap,Bug,286741,
9,urm third installing finally scenery hand black shapes everywhere could even see walls killed internet big game takes half hour install like game chance refund finally got proper game pretty smooth graphics amazing sound track best sceneryI ever seen tablet next update want seeing right installment first time chance refund free roam free roam best part old games would love tablet thank,Bug,286742,
10,application serves purpose perfectly except mobile deposit work keeps saying find endorsement calling pnc multiple times still fix,Bug,286743,
11,disappointed open excel files anymore repeated tries works occasionally work every time,Bug,286744,
12,needs updated fun challenging desperately need update paid allie levels september 1 still new levels soon new levels week updates used favorite,Bug,286745,
13,good want browse horrible letting post anything stays frozen signing close application,Bug,286746,
14,crash get,Bug,286747,
15,great great apparently updated 27th every time try use get message stopped working force closes please fix,Bug,286748,
16,white application icon atrocious hiding away new folder naming ugly apps joined photos ibooks apple bloatware apps like game center newsstand passbook could go theyll stay crap folder instead,Bug,286749,
17,would like edit items,Bug,286750,
18,use great application ios 5 ios 7 latest version dropbox really bad new ui viewing photos video needs improvement return way,Bug,286751,
19,application awesome latest update lost weeks worth class notes even open program without crashing unless connected wifi complete notebook disappeared password reset everything great update nothing works,Bug,286752,
20,last update crashes please fix,Bug,286753,
21,liked much upgrade pdfs divisions search however arent displaying anymore fix perfect best wishes,Bug,286754,
22,update latest bug fix,Bug,286755,
23,says error collect calls let date anything needs fixed,Bug,286756,
24,ok seriously application would great timing adjustments werent erraticI made exact video million times keeps coming extra 2 seconds bit shorter throwing entire videoaudio sync,Bug,286757,
25,update installing week,Bug,286758,
26,love application annoying cause use premade hats come half middle half hat gone make want easily,Bug,286759,
27,effect please fix effect fattal become different quality picture want save means edit picture save overall good part,Bug,286760,
28,really slow always glitches try delete stauts somthing figure delete pics make new albums gusta,Bug,286761,
29,use due popup push notifications open itunes connect notifications hate,Bug,286762,
30,open keeps timing waste time till fix issues,Bug,286763,
31,come dropbox getting ridiculousI uninstalled reinstalled still stuck customer service said update would fix,Bug,286764,
32,frustrated responsive sluggish modify city want rent give,Bug,286765,
33,bookmarks work bookmark favorite dispensary takes random place overall performance buggy crashes,Bug,286766,
34,recent upgrade causing application crash ipad needs fixed tried delete reinstall didnt fix problem,Bug,286767,
35,like trip advisor application slow feels buggy patience navigate um quirks get good info,Bug,286768,
36,search doesnt work anymore update search function doesnt work keeps putting 20s within search nothing comes please fix otherwise application useless search anything,Bug,286769,
37,plz backgrounds frame,Bug,286770,
38,work new iphone 5s showed sliding logos,Bug,286771,
39,pretty good glitches wanted use flight filters wasnt applying start search havent used much yet,Bug,286772,
40,need improve hebrew editing,Bug,286773,
41,application used work wellnow never works please fix keeps sending warning messages,Bug,286774,
42,seems like cool application able see crashes everytime get open free application got hooked never crashed get fixed please resubmit review,Bug,286775,
43,update made change password logged new password files missing logged account website notes either great since midterms next week notes gone,Bug,286776,
44,needs update still needs updates bit slow hope whatsapp fixes problem know busy take time us,Bug,286777,
45,keep good work camera upload stopped working matter change photos videos load,Bug,286778,
46,useful check balance transfers mobile deposit simply doesnt work refuses see signature called support suggestions set camera highest quality delete reinstall application neither help stuck mailing mobile deposit check hoping pnc bank mail works lot better application,Bug,286779,
47,may give way better review fix expect crash timeabout every 34 filters downloaded crashed frustrating froze delete reinstall,Bug,286780,
48,worst atleast reply help worst since four days trying register everytime cut balnce verification send voice verification nd fails also crap negative star,Bug,286781,
49,latest update nothing stop crashes completely unusable,Bug,286782,
50,loaded itouch everything completely opposite east reads west north reads south etc get application unless want get lost proceed delete immediately,Bug,286783,
51,become unstable unsupported device days gives big problem htc desire v device whenever someone group chat text message marathi language used smily message time whatsapp directly closed suddenly come back home screen never open,Bug,286784,
52,heck love program since added share pin option receiving spam friends send account hacked fix,Bug,286785,
53,theory great pdf selected impossible close resorted tapping relentlessly screen magic show tools pdf sits way effective go browser really irritating,Bug,286786,
54,dude dude love pinterest application little glitchie android iphone getting better,Bug,286787,
55,doesnt work want 99 application works,Bug,286788,
56,like game lot play time put downhowever one issue game lags please fix thanks,Bug,286789,
57,remove open option music files used able sound files,Bug,286790,
58,love pinning love pintrest application lets use anywhere problemI turn phone sideways screen gets messed exit aplease fix,Bug,286791,
59,easily share composition due file type,Bug,286792,
60,use good open office documents,Bug,286793,
61,downloading 2 days still downloading,Bug,286794,
62,problem allowed last online status,Bug,286795,
63,great application love new design new update try share link specific file space file name manually replace spaces 20 hyperlink correctly used problem please fix one problem great application also like fact download picture application onto iphone doesnt auto upload picture 2 copies photo auto upload folder thank fix keep great work,Bug,286796,
64,crap doesnt work try something else waste time,Bug,286797,
65,crashes time,Bug,286798,
66,important add landscape sheet orientation word art basic options least,Bug,286799,
67,used good application ability search cities havent yet reached filter rating well proximity however features replaced functionality focused marketing hotels use application purchase good guidebook instead,Bug,286800,
68,doesnt work texting update ap give instructions works text one star trying texting person ap doesnt,Bug,286801,
69,love nook ipad love many books always sometimes though wish could get certain books,Bug,286802,
70,good editorbut little slow yeah good lil bit slow,Bug,286803,
71,app horrible need update x5 juss got taking forever features load trashhhh,Bug,286804,
72,recently last week used almost central control everything latest upgrades issues crashes access anything left difficult situation please fix,Bug,286805,
73,great game last able download game good graphics awesome loved lot app really smooth wish upgrades permanent customization like original wanted free roam feature rest perfect,Bug,286806,
74,please fix often used function,Bug,286807,
75,give application much higher rating fix larimer county fire ems,Bug,286808,
76,started application getting notes deleted reinstalled application fixed select notes opens specific note freezes try go back try reinstalling iphone 5 ios7,Bug,286809,
77,loved application used time update get connected crashes lot whats,Bug,286810,
78,love organization features style bugs make impossible use application isnt worth money bugs fixed,Bug,286811,
79,update logged took books also havent found buy books store need help,Bug,286812,
80,great application wish could move pins one board another bulk instead one one edit boards takes long move one pin time love application,Bug,286813,
81,good clear chat history come option clear history please fix,Bug,286814,
82,started issues sending photos recently send half dozen one go througj,Bug,286815,
83,understand add website even though option also itll cool add videos,Bug,286816,
84,around 5pm every day latest todays files disappear still though search find tomorrow magically back desktop issue ios known bug,Bug,286817,
85,worst thing ever brought want four dollars back work good,Bug,286818,
86,find must logon every time open application ipad2 running ios7 curiously doesnt happen iphone 4s grr,Bug,286819,
87,need improve functionality application vote reviews helpful read contributions see badges scroll thru pictures get end would nice could skip oldest newest pics without scrolling thru one back button needs work well otherwise good basics,Bug,286820,
88,updated lost notes great work guys fans favor fire current programmers offer 2011 version update call day,Bug,286821,
89,application used flawless recent updates issues uploading things ill select bunch photos back application crash upload major bummer,Bug,286822,
90,crashes constantly searching pois upgraded 314 still crashes maybe often really frustrating coded better could useful application least cheap,Bug,286823,
91,even uploadtransfer file pages,Bug,286824,
92,5 star excellent bit slow running,Bug,286825,
93,good,Bug,286826,
94,application makes manage trip right phone totally handy performance smooth application needs fixed random crashes glitchy performance,Bug,286827,
95,happy see application however doesnt work caused sorts network configuration problems called hp reset printer ipad computer even couldnt figure problem ton lost time decided erase application allowed ipad find printer using airprint application needs lot work would use extreme caution downloading time big waste time,Bug,286828,
96,let view excel spread sheets iphone please fix love application,Bug,286829,
97,flat open new ipad air,Bug,286830,
98,cool last update upload iphone starts uploading progress bar shows going radionics hed progress bar starts going,Bug,286831,
99,worked great dolphin last update,Bug,286832,
100,first usage realized go send email cancel back button app stuck screen know rest works stuck screen,Bug,286833,
101,since updating ios7 latest update evernote spell check feature longer utilize work rely reports figured give couple weeks would fix two months fix lets get together evernote team give 5 star review application,Bug,286834,
102,many apps iphone worst oneI ever used deletes messages delete doesnt send messages send doesnt even save favorites click save truly horrible really hope guys upgrade soon making pointless site,Bug,286835,
103,agree recent reviewers update completely ruined excellent application iphone ios7 doesnt work opens freezes completely even open notes create new ones doesnt anyone test apps releasing please fix asap,Bug,286836,
104,overwriting notes outdated versions complaints syncing issues ios 7 update spot stay ios6 version possible,Bug,286837,
105,use ipad mini even access account application crashes iphone size every time open need hotfix urgent,Bug,286838,
106,love pin love pintrest super funI wouldeas application works great time sometimes spools often,Bug,286839,
107,loved application ever since installed ios 7 updated application start please fix,Bug,286840,
108,used used application pain find hotels searching geographical location enter numerous towns numerous searches find looking new version step wrong direction,Bug,286841,
109,may sound like broken record really like application download hate type needs fixed,Bug,286842,
110,nice open since update,Bug,286843,
111,current version doesnt show files dropbox please fix,Bug,286844,
112,used able view xls files ipad iphone still view iphone longer open ipad sometimes files open seconds gray screen comes time get gray screen gray screen file name office open xml spreadsheet file size spreadsheets simple macros small sizeI tried creating new spreadsheets issue web research shows others issue fixes worked latest ios 704 recent version dropbox 301 chat apple support says dropbox issue,Bug,286845,
113,version 30 auto updated today photos upload luckily skydrive added upload feature,Bug,286846,
114,application iphone needs important issue share via email,Bug,286847,
115,constant crashes ios 7 8 crashes 30 minutes evernote really ready new ios,Bug,286848,
116,generally love dropbox since upgraded ios 7 longer view html files properly referring files saved dropbox html used view displayed nicely web pages see source code instead please fix also please add option copy move files would useful feature thanks,Bug,286849,
117,new interface big disappointment way get version 232 back way much white space hard eyes also still able rename files unbelievable,Bug,286850,
118,ive able use application keeps crashing pain,Bug,286851,
119,caught loop forever trying load video also forever looping initial adobe file sad,Bug,286852,
120,152 update whats happened application people follow page isnt working properly images disappear nothing happens refreshed good fix please,Bug,286853,
121,amazing application love features except one little problem gps feature bit home want make quick note gives wrong address would great could get fixed,Bug,286854,
122,since new update 21 feb 15th get splash screen followed crash otherwise 5,Bug,286855,
123,give permission upload pics settings say yet continues upload stop,Bug,286856,
124,love application access recipes saved online save keeps saying working wish purchased,Bug,286857,
125,even select flight date anymore waste time sheesh ya charge luggage hire programmer,Bug,286858,
126,better em samsung galaxy 4 ad facing problem updated whats aplz fix,Bug,286859,
127,program 2 months allot important information kept inside picturesnotesmemos etc sudden using crashed went back everything gone wiped completely use ipad 2 plenty memory programs running even suggest conflict use unless wish risk losing important documentsfiles information trust computer literate program loaded problems even continue download bug fixes,Bug,286860,
128,awful appi uploaded hundreds photos application could upload alost hundreds precious memories concerts times friends etc solely relying application back photos deleted said done gone access,Bug,286861,
129,login ipad 3 tells password incorrect,Bug,286862,
130,upsetI using application year amp patiently endured slow process improvement really gotten quite good last bungled attempt made application virtually useless shame evernotes qc group even one,Bug,286863,
131,ipad air iphone 4 ios 7 still open pages documents show document name size,Bug,286864,
132,select attraction click around read reviews view pictures go back full like defaults back beginning list hit next page several times find place left annoying,Bug,286865,
133,love evernote use mac use iphone love evernote application ever since last update days ago application giving nothing problems sometimes doesnt open keep seeing blank screen sometimes opens going back forth notes notebooks simply gets stuck doesnt respond finger taps actions hope evernote people improve application fix bugs truly love evernote would like keep using lately encountered nothing serious quality problems evernote,Bug,286866,
134,top every posting requires reverification email even repost postings verified account computer asks nothing trying add picture posting add picture links frayed click upload photos terrible around,Bug,286867,
135,dat mini games mini games like iphoneipod version,Bug,286868,
136,application isnt great first let play flash videos n rexomended video horrible always pops connection bad wen full bars slow crashes,Bug,286869,
137,ya went way far bug game sold cell phone info charge things agree hell angry birds get itits scam take money paid sign pay 1000 month phone bill pay county scam warning,Bug,286870,
138,awesome application sometime shuts try open calls ok texting good,Bug,286871,
139,working fine problems even get application open happy please fix even deleted application downloaded n still doesnt open frustrating great application actually works,Bug,286872,
140,crashes soon try load,Bug,286873,
141,like fact download drop box device share pics like time takes download pics order download always connected internet keeps pics downloading times away wifi 2613 still trying figure application support pictures downloading going remove application ipad worthless,Bug,286874,
142,finebt cud b improved popular application smartphn becum slow since last update pls fix odrwse 5 5 material,Bug,286875,
143,loved game husband n competition updated didnt way get ahead reset deleting awesome game,Bug,286876,
144,downloaded find doesnt even open appstore says downloaded nothing shows application selection screen,Bug,286877,
145,one flaw fact almost impossible load mp3s wav files data play second two say unable load file fix please,Bug,286878,
146,ios 7 fair people wanting run older devices wish downgrade cruddy ios 7,Bug,286879,
147,since last update application keeps crashing need notes please help,Bug,286880,
148,want old version option share files via facebook message please bring back previous version fix,Bug,286881,
149,ive always found dropbox bit buggy gotten worse since updated ios 7 download zip files webpages amp open files screen blank blackened blurred enlarged image symbol facebook google symbols related site zip file webpages came teacher rely access online amp line related research work work teacher also required write notes amp save zip files order save space please fix dropbox keep telling open documents amp authorization alter edit document flip side documents tell enter password anyone suggestions improve recommends different program recommend would appreciate thanks,Bug,286882,
150,like application allow us chat share music video mobile downloading application works six months shows date failure work download,Bug,286883,
151,awesome however recently lapse receive message didnt receive notification open application,Bug,286884,
152,nice application enjoy kids fun wish manly stuff give 4 stars,Bug,286885,
153,allows share individual photos entire folders good easily text someone single photo wth want able send link people entire folder many pics mobile seems useless hand like view share excel documents thats pretty cool although take quite load seems,Bug,286886,
154,scroll well trying find hotel theres search function would find hotel staying attractions around close scrolling hotels would get bottom would let go next 20 tap hotel could scroll next 20 good photos every thing find doesnt perform well ipad slow hard find information looking use book hotel might worth,Bug,286887,
155,believe guys removed one useful features evernote ability style lines either section subsection paragraph blockquote way could give hierarchy notes notes one dimensional impossible organize thoughts could evernote team consider feature unnecessary guys use application supposed outline notes really big let otherwise great update big omission happy anything else thats give 2 stars,Bug,286888,
156,tested application could view horrible bosses ultraviolet digital copy noticed movie hard see places looked like really bad blurry areas right logos happened throughout movie never happened regular digital copies compatible itunes could see everything clearly using regular digital copies think buy combo packs ultraviolet digital copy never use application ill stick ultravioletflixster cloud wasnt blurry top since update ultraviolet movies buffering skipping never happened last update please fix,Bug,286889,
157,application used work great keeps freezing get notes frustrating delete application download pain,Bug,286890,
158,freezing start time becomes useless considering apps,Bug,286891,
159,hangs multiple points interface way buggy useable,Bug,286892,
160,original ipad mini maybe thats part deal seems like still little thins need work example spell check doesnt work right search slow times neither others keep giving application great rating also think improvements hope see future one full screen mode maybe missing time get full screen start new noteI would like options reading editing keep good work,Bug,286893,
161,evernote desktop version effectively ruined windows 7 computer brought halt ms office especially outlook still trying repair effects program sadly havent even got really use program use mac maybe issues bad purchase windows computer user,Bug,286894,
162,application keeps crashing loading document student college using ipad good considering book file,Bug,286895,
163,seriouslywhy select functionality longer available everything apple application need upload 500 imagesi check 500 images onebyone,Bug,286896,
164,layout clean fails load editing settings feedback components potential still buggy,Bug,286897,
165,disapointed developer please optimize galaxy grand duo hope modern combat 5 comopatible grand duo buy high n phones time really fan modern combat pls update optimize il giv 5 star,Bug,286898,
166,good let make share anything like instagram please fix soon,Bug,286899,
167,overall good maneuverability love connectivity hate hard iris put different notes different notebooks though,Bug,286900,
168,english version,Bug,286901,
169,major sync failure put documents work go home sync find none times actually synced open deleting,Bug,286902,
170,fix comments,Bug,286903,
171,anyone else dropbox application site increasing memory even without favorite files erase application every 2 weeks,Bug,286904,
172,latest update longer download epub files ibooks option download grayed looks like moving google docs something else,Bug,286905,
173,great way save favourite things love constant emails irritating,Bug,286906,
174,every time log tripadvisor account facebook ipod touch crashes able sign facebook let glitch needs fixed,Bug,286907,
175,good good get layout 11 pictutes beacause grup 11 members need use icon add soon possible,Bug,286908,
176,great works application disconnects frequently,Bug,286909,
177,previous version user looking pictures suspended application would leave right upon restarting application application completely refreshes start gets annoying sometimes also cumbersome swipe images since responsive top half screen instead whole screen,Bug,286910,
178,fix prblms,Bug,286911,
179,full stars completely downloaded downloading properly although full netwrk excess,Bug,286912,
180,beautiful application worthy ever cent thing application crashes every time try select info planet maybe brand new ios 4 needs update,Bug,286913,
181,application horrible experience takes forever load search filter options either partially entirely failI gone back using tripadvisor website browser,Bug,286914,
182,showing even suggesting located areas,Bug,286915,
183,crashes connection spotty completely useless,Bug,286916,
184,fare still problems got foreclosed like 20 times last night still arent able change password access boards pinterest compromised please fix issue get back enjoying pinning thx pinterest,Bug,286917,
185,really enjoy application traveling youre road youre ready stop eat great application find good place found really good places eat would known map get also helps one small issue ask whats near use filter everything shows example trying find info brew pub near motel didnt show map asked pubs near current location didnt show search searched name pub reviews,Bug,286918,
186,updated dropbox application ipad view pdf files viewing wasnt problem update help,Bug,286919,
187,hi fox would help fox news application frozen ice even write except review 1st time happened fox leaving 4 stars ty advance ipod 4 wifi,Bug,286920,
188,since new update dropbox freezes blanks viewing files never old os really annoying good product hope powers responsible read provide much needed fix,Bug,286921,
189,bought last night tried morning showing daughter crashes 3 seconds try open unfortunately didnt read reviews bought sounds like happening everyone want money back,Bug,286922,
190,ok application updating since long trying much good connect wid frnds,Bug,286923,
191,issue one supplied sources crashing program many places find songs awesome application,Bug,286924,
192,wish someone warned spell check android even paid version,Bug,286925,
193,bought application entire workout set 60 application work correctly deleted reinstalled wants pay another 60 redownload workouts contacted manufacturer twice responded emails,Bug,286926,
194,update 22113 new update problem installed update froze access open option dropbox app store page dropbox icon phone page deleted reinstalled thing operating latest ios iphone 4 please fix,Bug,286927,
195,good fav application bad thing fakes good,Bug,286928,
196,fix many times send crash report fix application fixed dislike application,Bug,286929,
197,seriously keep trying get one files application keeps crashing reason please fix youre average job,Bug,286930,
198,wtf happily pinning away got message tellingI would reached pin limit wtf look going limits pin going delete application account thats stupid plz fix love pinterest get quality serviceI used towellwhats point,Bug,286931,
199,dislike update news feed want see boards pins pinned prefer old feed,Bug,286932,
200,nice application evrythng good except tht red eye optn doesnt fnctn properly,Bug,286933,
201,charges made without request approval,Bug,286934,
202,service great application fails pressing upload freezes application crashes next open,Bug,286935,
203,application amazing recent update says offline mode even though connected wifi apps internet iphone working access anything application appear fix,Bug,286936,
204,un install reinstall works awesome love application probably best ever,Bug,286937,
205,ive application month everyday try use freezes upon 1st touch sad want work bad bring delete,Bug,286938,
206,sometime last month dropbox stopped syncing recent files phone 1 month old yet many current files loaded dropbox desktop folder syncing help,Bug,286939,
207,drop support earlier ioss apple make,Bug,286940,
208,needs little improvement overall application great would nice could pin posts page application otherwise mobile fix five stars,Bug,286941,
209,nonstarred files occupied 600 mb way reduce itit eats ipad space,Bug,286942,
210,giving nfl 12 v3 update three stars largely improvement previous version ingame display better organized scores page vastly superior prior version see games current week one screen instead scrolling list modest amount use application appears much stable however still needs work many respects scoring summary gone far tell often found helpful checking games wasnt following playbyplay team leaders appears limited 1 qb passing 1 player rushing 2 receivers apparent way scroll players pull full listing especially preseason games teams running multiple personnel packages frustratingtheres way example compare passing stats 2 3 qbs gotten playing time egregious problem least thursday games week 2 teams switch properly checking atlanta versus cincinnati game tap atlanta falcons button get passing stats dalton tap cincinnati button see passing stats ryan rushing receiving stats teams hoping operator error fixed shortly reflects poorly product apologize comments length hoping nfl monitoring feedback,Bug,286943,
211,love evernote use everywhere various devices ios desktop used love simplicity web interface new one seems cumbersome andI really weird issues overwritten notes overall would rate environment 45,Bug,286944,
212,tried get information ta see statement review removed gives rate ta use,Bug,286945,
213,longer add files directly phone completely loses point use see update,Bug,286946,
214,evernote mainstay life past years pains say theres major bug current ver get webview unable go back evernote done button working tried quoting application work either redownloading application cross fingers help,Bug,286947,
215,totally addicted application long ago one tiny problem freeze blue moon doesnt really bother 1 best application level 101 joke,Bug,286948,
216,one ever report problem ever since downloaded latest update application ipad continues show pop alert message click ok pops right back upI turned alerts application contact apple support reset complete default mode reloaded application still issue annoying else experiencing,Bug,286949,
217,loved soundhound last update view historyI tried several times 30 minutes waiting download give back using shazam hope gets fixed,Bug,286950,
218,please fix crashes bugs possible make app faster,Bug,286951,
219,last update please fix,Bug,286952,
220,good application improved option select default camera,Bug,286953,
221,every time try select seat never loads,Bug,286954,
222,one good thing last update ws ability make folders able make folders inside folders wish could bad things last update typing lag annoying see happened since crazy graphical interface anything animated major thing pretty much deal breaker people removal tab button always hated tab button ruler would prefer one shift key place tab keyboard wish back top least go complicated process menu use itI stopped using pages since pain tab unless using bluetooth keyboard,Bug,286955,
223,poor need updates android wa lame androids fix,Bug,286956,
224,although avid pinner application keeps knocking pinning time therefore making search start irritating also slows ton open another board besides please fix problems want pin,Bug,286957,
225,application doesnt work terrible goes show happens media companies lock content time warner able watch whenever choose provider nothing happens times crashes really poor job everyone involved garbage,Bug,286958,
226,white application icon atrocious hiding away new folder naming ugly apps joined photos ibooks apple bloatware apps like game center newsstand passbook could go theyll stay crap folder instead,Bug,286959,
227,little bit love pinterest addictive little slow though,Bug,286960,
228,review dropbox service great application use lot improvements single frustrating thing displays dozen characters file name since thousands files long descriptive names impossible find looking unless download files ipad one one way resize file list make files visible,Bug,286961,
229,love dropbox mac use time share files photography clients however find annoying email link clients iphone application makes hard onthego sharing whats point application share folders please change,Bug,286962,
230,happened used rely dropbox transfer files ipad computer camera upload still works thats need fix app,Bug,286963,
231,happened access program cancel problem fixed soon,Bug,286964,
232,since update open links pictures email please fix,Bug,286965,
233,latest update even get account either iphone ipad says incorrect password freakin joke update even test sending updates,Bug,286966,
234,mostly great best photo editing application meI ever used except one thing really wish could use one gallery photos background pic frame,Bug,286967,
235,disappointed application loved worked since new update even open last update end october beginning december one would think big company sure nicely paid tech team would figured bugs waste money application fix,Bug,286968,
236,like application suddenly open get notes,Bug,286969,
237,application misbehaving big time love one working right download features stuck know please try helping methanks sos please help get app work ty pam therese lukasz parkridgeil 60068 x gtltthankyou fixing problem far great like normal ty hugz,Bug,286970,
238,dropbox longer accepts files ipad since latest ios update issue application actually worked easy five star,Bug,286971,
239,latest version seems stopped playing videos sad,Bug,286972,
240,love application working,Bug,286973,
241,frequently crashes allow local storage personal notes automatically stored painfully slow evernote servers personal notes passwords compromised hackers already hope anything sensitive notes,Bug,286974,
242,attic synonym noggin vice versa way like wiktionary thing,Bug,286975,
243,gave error first time uploading check images app crashed second time uploading check images,Bug,286976,
244,argh crashes time service application would great application didnt crash reading pdfs great works,Bug,286977,
245,settings yet phone doesnt alert relevant info plugged ipad version keeping better updates,Bug,286978,
246,looks like would great application downloads grades 1 classhm pretty useless right extremely disappointed since website difficult use iphone application many connection problems slow ill use crappy designed website application gives something useful see ill try back later,Bug,286979,
247,best pic edit application great application jus find remove text pic,Bug,286980,
248,installed 12th vid application frozen access application pics help,Bug,286981,
249,2114 let share recipes friends,Bug,286982,
250,really need know far restaurant current location take cab hotel fight traffics would like know whats near bad makings great application back yelp,Bug,286983,
251,load 2 minutes video even fast forward video used love application youI wouldiots ruined anyone know get new flash video player,Bug,286984,
252,always use dropbox upad newest version open pdf files upad anymore please update soon possible,Bug,286985,
253,installed update unusable crashes 100 time upon startup,Bug,286986,
254,installed 3gs took forever load tap blank white screen pissed,Bug,286987,
255,application used work flawlessly event update however even open get logo screen application crashes completely update rendered useless,Bug,286988,
256,none photos load even tho uploaded dropbox months ever since update none photos show dropbox white boxes app use load photos,Bug,286989,
257,need update post new chapter story upload cover story 0 keeps crashing,Bug,286990,
258,search engine complete searched house rentals healdsburg ca friends know 16 bampbs also results house rentals valley love trip advisor use often computer application doesnt provide proper search options,Bug,286991,
259,edit pdf want note something pdf,Bug,286992,
260,ok gods sake need new icon interface seems outdated,Bug,286993,
261,good bt satisfied reply tagging please add features,Bug,286994,
262,doesnt save progress online great game except doesnt save progress online mode smashing fools still stuck rank 11,Bug,286995,
263,good camera application nice camera application many effects except video recording please put video recording real time effects good application though,Bug,286996,
264,love application using long time year works great started show wrong stars even adjust moon happen new update please fix,Bug,286997,
265,problems simple machines forum crashing posting installed tapatalk freezes almost daily finish post reason alone keep using unfortunately limits access parts forum useful search forum see started thread see auto signatures use emoticons browsing shortcuts available tapatalk offers nothing near full browsing experience works thats enough,Bug,286998,
266,bought application worked good first time opens home page anything else disappointed,Bug,286999,
267,nice going loved application could match face anyway want till downloaded update hue saturation messed perfect change back,Bug,287000,
268,use application traveling six countries europe period three weeks flawless offline option always worked great expect map give distances place place get city want get around beat,Bug,287001,
269,love crashing new update,Bug,287002,
270,times worked awesome application total frustration takes forever load crashes lame,Bug,287003,
271,interface works great mapping nice bugI seen facebook integration times,Bug,287004,
272,listen lot however disconnect apparent reason disconnects repeat previous transmissions would like apd less fire ambulance great application,Bug,287005,
273,went made playlist unselected group podcasts button would go list pod casts could create playlists like news tech etc worked first playlist created work others create allow select podcasts strange please fix group podcast button dead creating one playlist successfully uninstalled reinstalled rebooted iphone etc please help awesome program otherwise lot podcasts need able group iphones hard installed video application really want use program versus iphones application please advise,Bug,287006,
274,crashes get anymore please fix,Bug,287007,
275,good ap usage activity points work shown add button selected fix problem,Bug,287008,
276,glad didnt pay 10 application every time try load crashes theres 5050 chance get alerts got application would know warnings help keep family safe would recommend application unless fix issues want something work time half time,Bug,287009,
277,new update doesnt work even open believe paid application found better apps free,Bug,287010,
278,crashes update,Bug,287011,
279,app hasnt worked month shows effort trying fix failed,Bug,287012,
280,even install navigation worst hurry fix change 4 star,Bug,287013,
281,everything would need simple weather application radar slow load another application theres lot detail information particularly details upcoming days forecast specific high low temp picture representation weather entire day nevertheless isnt meant detailed provides plenty info current time biggest complaint application crashes startup often sometimes load second time sometimes requires restart ipad 3rd generation nice looking application kind would want ipad stability problem,Bug,287014,
282,edit photos ipad way move iphoto application mac update mac please fix,Bug,287015,
283,effects really cool nothing like instagram application crashes every time try save needs fixed,Bug,287016,
284,upgrade keeps crashing even get work,Bug,287017,
285,doesnt load properly 3gs latest ios used show picture relating current weather anymore radar map takes forever load,Bug,287018,
286,thing good starting documents try upload documents google documents document gray,Bug,287019,
287,great application useless every address enter fails faithful constant user update searching another application actually works,Bug,287020,
288,paid 2000 version worked great update seriously nothing works greens tee boxes swimming pools greens,Bug,287021,
289,definitely download rerate 5 stars fixed unusable want option give 1 star bother putting brown rice special secrion may missed great way order avoid miscommunication staff love food ton,Bug,287022,
290,downloaded application could load physical card take advantage 10 free offer application openI rebooted phone deleted reinstalled application luck quality control thing,Bug,287023,
291,application great recent update crashes time download problem hopefully fixed,Bug,287024,
292,best application ever,Bug,287025,
293,first let say looks greatif could get stay 5 secondsthen crashes concept wonderful application appears nicely done user interface standpoint unstable big disappointment since use doctoral studies major failure mobility convenience categories0 10 usefulness,Bug,287026,
294,using application seemed great noticed posting facebook page even though opted deleted application doesnt give option fact,Bug,287027,
295,every time use crashes use 25 days pinger says give away number terrible application,Bug,287028,
296,application fine one thing really thing need isnt working attempted pay bill using credit card already file several minutes beach ball froze application go website pay bill,Bug,287029,
297,frustrating solution delete download application freezes camera launch happened last month please fix gladly give five stars,Bug,287030,
298,fun server apparently big users application keeps getting errors try open play get games havent able play day,Bug,287031,
299,aggravating first game wouldnt load got loading spinner game load 1 play try play againblack screen loading spinner waste money please fix,Bug,287032,
300,ever since ios 7 update dropbox worked constantly crashes run extremely slow problems camera uploading please fix asap,Bug,287033,
301,since update backup dropbox,Bug,287034,
302,ipad 1st gen update anymore want install dropbox device dropbox installed hate support previous ios version use,Bug,287035,
303,ipad works fine open dropbox every time open iphone 4 either crashes continuously pulls messiah making hard close needs fixed fast even current update day ago still crashing iphone needs fixed,Bug,287036,
304,care functionality looks review say nothing updated look major bugsproblems update longer given option open means look numbers spreadsheets open numbers work spreadsheets enter info major issue makes dropbox completely useless please fix,Bug,287037,
305,update makes harder slower use icons different file types look similar makes slower scan find desired file old version used colors made much faster use,Bug,287038,
306,inverted colors icon induce retinal images inapplication whiteout hard eyes experience ipad air one huge expanses white badly contrasting offwhitelight blue stencilthin pale icons battling brightness spartan look works fine iphone proportionately less white assaulting eye ipad however keep trying reduce brightness display impacts contrast legibility also possible change names files folders,Bug,287039,
307,since new update almost jpeg take much time open even open need save file see photo iphone old version,Bug,287040,
308,maximize slide show disappeared bad update,Bug,287041,
309,open crashes ipad,Bug,287042,
310,crappy hotel wifi goes trying download 1gb file 2 days reason dropbox allowed favorited downloads ability resume instead restarts download beginning every time fails almost 2014 technology resume download whats problem,Bug,287043,
311,poor job retaining starred items memory wait long time mp3 buffer star wait next time next time often buffer,Bug,287044,
312,needs less crazy,Bug,287045,
313,music takes 15 seconds load selected song doesnt matter verizon lte wifi also doesnt play next song automatically instead open application go back pick next song folder even hit next button skip tracks please fix next update running ios7 issues ios 6,Bug,287046,
314,download videos phone like come know yahoo would making deal dropbox,Bug,287047,
315,typically leave support feedback seem get response application crashes every time try open ipad 3rd gen use often iph5 reason doesnt work please update asap works,Bug,287048,
316,works platforms love keep changing phones every couple weeks application universal platforms need release application platforms like newer windows phone 8 like lumia 1020 true 5 stars till sky drive wins,Bug,287049,
317,always loved dropbox reliable handy newest version menu problems upload please fix thanks,Bug,287050,
318,issues moving files,Bug,287051,
319,install dropbox yesterday start app dialog box application wants location appears endless loop,Bug,287052,
320,able use please fix,Bug,287053,
321,new update doesnt detail whats changed application doesnt work black screen gray bar bottom please fix soon,Bug,287054,
322,get pop push notifications push ok pops back making completely inoperable tried changing push notification options doesnt fix,Bug,287055,
323,application never installed correctly see icon nevertheless always show app store updates always says installing update delete use appI ever seen zero stars joke,Bug,287056,
324,spent many hours successfully transporting pictures site froze needed export pictures locked frozen keep trying access application site success,Bug,287057,
325,somethings wrong last update view pdfs opening first time view anymore latest update fixed issue crashes also view pdfs without problem thanks lot work however still problem try using open option ipad applications ask open dropbox filed opened shows ipad dropbox application dropbox server updated meaning file found dropbox folders access folders different devicecomputer etc,Bug,287058,
326,downloaded latest update application disappeared app store let download,Bug,287059,
327,open goddamn application,Bug,287060,
328,open ipad 3 help crash crash crash,Bug,287061,
329,thanks dropbox thinking dropbox one greatest inventions since sliced bread one update access files photos gen 3 ipad know presidents day weekend someone fix please maybe enjoying time familysure would nice share pics,Bug,287062,
330,open saved files,Bug,287063,
331,automatic upload feature ridiculous intuitive easy way stop also delete function confusing sort dialog box informing delete photo ipad dropbox interface ask confirm want wife tried stop automatic upload hit delete prompt thinking may stop lost photos newborn recover thank dropbox lost us photos never get back,Bug,287064,
332,latest revision 10 january 2013 loops endlessly trying upload 411kb file email move another device,Bug,287065,
333,update en performance improved considerably 2 3 stars since last review however application remains pretty buggy constantly reports failure synch freezes momentarily actions crashes thee search function sometimes fails find key words borderline thinking going premium also keeping eye alternatives note problems may related incompatibility ipad2 ios7 previous review several months daily use building 1k pretty intensive notes process put serious longterm commitment en butI seriously rethink problems last upgrade problemsI experienced severe others reporting mine mostly ipad 2 version desktop version w macbook air continued work ok ipad things actually improved quite bit past week terms less freezes trying search wait see see en get together searches also become less efficient clunky ipad amp mac desktop versions still working en also standby looking possible alternatives many concerns w new design others hope en programmers stay focused real issues,Bug,287066,
334,love evernote become reliant one apps without however without crashes open open iphone load dec 12 update evernote please fix,Bug,287067,
335,application unbelievably buggy since last update trust using iphone desktop ipad,Bug,287068,
336,brilliant application crashes ipad iphone,Bug,287069,
337,dislike latest version notes randomly disappear listed wrong name usually one actually loved version prior one version making lose confidence notes actually saved,Bug,287070,
338,evernote excellent indispensable service life happy premium subscriber mobile application however seems getting progressively worse latest version clunky buggy mention announcements essentially ads occupy applications prime real estate extrapremium subscription would let hide focus workI would subscribe love document photo feature use daily latest application iteration though feature causes crash arg evernote evangelist honestly could recommend mobile application original review thanks hard work happy premium subscriber suggestion add ability copy note links,Bug,287071,
339,really wanted note system could trust evernote lost notes upgrade,Bug,287072,
340,seems evernote understand spirit ios 7 design seems flat sake flatness usability thrown door confusing use application simple actions painfully slow,Bug,287073,
341,okay evernote hope listening greatI wouldea note name call eversomething text formatting makes virtually impossible create note form rich text bullets numbered lists indentation etc maybe underlying code base architecture makes difficult create rich text proper formatting know fixed useful manI really tried like evernote synching ability among many platforms great go back onenote knows read really wish would understand huge weakness product done good amount googling around know one around wanting better text capabilities please fix really want need proper evernote,Bug,287074,
342,search function isnt working sign every time open evernote needs fix love evernote,Bug,287075,
343,beginning trust application 7 update quit working practical purposes watch patches post updated review really wanting application effective silly new process sell post notes,Bug,287076,
344,highlighting words works menu pops copy cut paste etc stay open long enough used placing cursor text keyboard open makes text jump every want cursor,Bug,287077,
345,notes showing notebooks empty boo,Bug,287078,
346,seems like evernote religion passed perhaps handy tools missing trainings obvious really notes bullet points spacing numbering fail transfer word systems resulting formatting problems take longer starting retyping notes also find left column flickers program crashes every use 1 4 syncs give error message aside like calling notes phone ipad desktop almost whenever want problematic version intended induce go another version doesnt fact version solidI would tempted buy upgrade,Bug,287079,
347,application workedI would give 4 stars shortly got several errors inability sync couldnt open notes says trouble reaching evernote server btw solution 1 tried reinstalling rebooting log using user name instead email vice versa whatever youre problem w try annoying happens works pretty good application help keep notes scribble email 1 place,Bug,287080,
348,todays update dated march 1 2013 horrible every single time open app defaults updated view notes select either title really want organize notes alphabetical order select created app immediately crashes closes tried 50 times tried rebooting ipadno avail tried deleting app together reloaded still problem fixed asap please effectively use notesits much hassle try look month note created even month alphabetical order rythme reason update always one biggest advocates proponents bug isnt fixed pronto delete evernote permanently use different app arghhhhhh,Bug,287081,
349,looking longest time save favorites feature button noticed appears ipad hold vertical position upright weird usually hold ipad trip advisor horizontal position sideways button nowhere found hope tripadvisor fixes ux usability issue soon,Bug,287082,
350,excellent application crashes ipod touch since last update open please fix soon possible,Bug,287083,
351,locations maps incredibly inaccurate sometimes blocks wrong maybe mislabeled street seeing much worse locations outside san miguel de allende shown within downtown area want golf go horseback riding come historic centro mapped doesnt exist funny accuracy pyramid supposedly blocks rental house next problem related near function first application couldnt find instead thought town two hours away showed attractions town dragged map town map craziness even worse locations accurately mapped shifted within block two house lastly new version less functional previous version lot less functional website bottom line deleting least map issues get fixed definitely unhappy version,Bug,287084,
352,hotel reviews especially poor hotels fake likely posted employees notice negative review posted invariably followed several glowing reviews tripadvisor paid hotels listed site remove negative reviews pressured hotel,Bug,287085,
353,love application helps lot trip one thing makes mad click see photos show 1 pic got stuck delete application redownload,Bug,287086,
354,unable save forum posts useful suggestions trip saved trips personally put together assist amp mobile good many find wifi open laptop,Bug,287087,
355,go back search zoom global view buggy,Bug,287088,
356,lag lag please fix,Bug,287089,
357,failed upgrade couldnt upgrade new version delete application install,Bug,287090,
358,error report ok,Bug,287091,
359,new updates force close please fix new update causes application stop time irritating please fix ill go back five stars,Bug,287092,
360,update issues soon updated longer give accurate search results please fix pinterest,Bug,287093,
361,great application occasionally freezes errors loading pinning also issues refreshing feed timesbut otherwise great application,Bug,287094,
362,confusing never used pintrest confusing new mapping thing say want use every pin also pops rate every log save annoyance rate right away,Bug,287095,
363,keeps telling reset passwordbecause safe modebut send email,Bug,287096,
364,loving mind keep freezing,Bug,287097,
365,bots would rate higher love application says bots network fix,Bug,287098,
366,run startup asking unnecessary permissions also want application run startup would rather uninstall,Bug,287099,
367,fck fix cause always error,Bug,287100,
368,please fix thisI wouldk uninstalls phone automatically ha e download n,Bug,287101,
369,factory refurbished older ipad run ios 7 make legacy dropbox application available us brand new equipment,Bug,287102,
370,older versions application used allow preview word excel pdf documents preview pane still application tells file name size display content completely useless,Bug,287103,
371,way slow loved application updated like flipping sloth ugh fix please,Bug,287104,
372,read exel file correctly updated yesterday read exel file correct original please help,Feature,287105,
373,get response developers game isnt bad anything bit monotonous however manual less desirable specifically speaking feed cows figured meadows make straw bales life apparently hkw create manure flr fertilizer emailed developers amd received response frustrating spend money game equipment use,Feature,287106,
374,working properly download emails inbox,Feature,287107,
375,less 1 star downloaded able play yet keeps crashing closing,Feature,287108,
376,nexus 4 game audio please fix,Feature,287109,
377,sucks press nothing happens plus even share videos make,Feature,287110,
378,buggy application broke update another paid application fail edit back 1 star crashes everytime battles,Feature,287111,
379,pretty wired sometimes 1st opening flashes green colour need close open 5 stars yuo fix,Feature,287112,
380,ruined drm tried play get access license server really drm destroying games mobile devices,Feature,287113,
381,doesnt music work upsetting clip made music tried business actually disappointing,Feature,287114,
382,install got nexus 4 loads free space installer says 0 mb available,Feature,287115,
383,could good doesnt load moto electrify fix give better review,Feature,287116,
384,keeps crashing installed loading page crashes tried reinstalling shutting phone still please fix ill give 5 star rating,Feature,287117,
385,slowbuggy takes minute open file opened within 10 seconds polaris officetab 23100 needs speed improvement edit shows blank white screen try open doc filesomg developers hope tested file sent,Feature,287118,
386,bad want take picture picture camera phone shown blank plis fix phone samsung galaxy young s5360,Feature,287119,
387,update application refused update others would uninstall,Feature,287120,
388,sucks forces close trying post instagram,Feature,287121,
389,property work 2013 nexus 7,Feature,287122,
390,working wifi printer try print droid razr max hd says need download update try download update says update cannont completed error fix ill change rating advise,Feature,287123,
391,launch galaxy s4 get black screen,Feature,287124,
392,sony xperia sp sony xperia sp native resolution supported,Feature,287125,
393,problem activating iv using viber since long tym nd never dissapointed deactivated account day nd den try activatei get code txt nd neither get callim trying n please fix problem,Feature,287126,
394,pay version still spamming bought paid version still see promotions dashboard remove edit developers asked disable promotions seems option autocheck new promotions however disables updating annoying adbar still visible dashboard displaying generic promotion products,Feature,287127,
395,doesnt work poor application unfortunately started loading pictures took back homescreen video upload,Feature,287128,
396,happy downloaded application first one loved one even load phone get black screen music please fix,Feature,287129,
397,game keeps crahing please fix,Feature,287130,
398,go back older version loved application quick always connected last update tried every suggestion first open nothing happens sits empty screen close reopen several times slow connect hope improves fair lastest tappatalk upgrade also galaxy note,Feature,287131,
399,bugs lots bug login anymoremy device lag trying open applicationfix sucks,Feature,287132,
400,lg spirit many bugs sometimes shoot picture reopen application orientation rotate phone works 20 time touch focus terrible focus general terrible matter setting things well hd camera pro takes much better pictures free quit adding many featureswho cares frame put blurry picture,Feature,287133,
401,crashes since update crashes whenever go purchase coins section purchased coins show,Feature,287134,
402,unclassified always get connected even though enough net band width unable line call,Feature,287135,
403,camera doom fx pictures save external sd card fact saving temporary folder even showing gallery emailed dev replied dealing heard nothing since,Feature,287136,
404,unusable whem trying find right forum takes forever scroll,Feature,287137,
405,game purchase working games shuts first tried buying tying restore purchase change rating fix gave money last fully functioning application,Feature,287138,
406,multiplayer join join games keeps searching tried custom join says error join,Feature,287139,
407,bummer seen friend post video facebook downloaded ap select photos let continue chosen onesI would like use keeps telling theres error,Feature,287140,
408,server error belgium bought playstore says need extra 160 mb download always get server error 5002 thanks taking money,Feature,287141,
409,lame screen goes black focusing lag long initialization please fix,Feature,287142,
410,galax s4 search friends online,Feature,287143,
411,doesnt work teamspeaks preloaded channel works application crashes upon connecting server bad couldve useful,Feature,287144,
412,dumb paid game tried download let mei also get refund fix,Feature,287145,
413,update kept crashing barely usable programme begin kept crashing updated uninstalled,Feature,287146,
414,didnt workI trying download game week load disappointed looks like great game,Feature,287147,
415,shocking played ipad quality download xperia z tablet game upside impossible play gone past refund stage worth risking losing 299 opinion,Feature,287148,
416,please let sign please fix please rca 7inch tablet,Feature,287149,
417,hhfg slow download,Feature,287150,
418,okay thats everytime download application says finish downloading search found open playstore open viber says want download,Feature,287151,
419,seems fun seems like fun game keeps crashing whenever goes new screen think takes much ram,Feature,287152,
420,good game game freezes know please help get game,Feature,287153,
421,slow loading first buggy new update,Feature,287154,
422,hey whats wrong application allow tochoose pic gallery,Feature,287155,
423,problems signed tried sign back later says pages manage,Feature,287156,
424,poor doesnt workI captured face shown processing nothing happens keep returning camera please fix using galaxy tab 70 plus,Feature,287157,
425,read text boxes well decent seem read documents text boxes images well,Feature,287158,
426,battery hungry beyond belief application open full charge gone 4 five hour normally lasts 16 keep open needed,Feature,287159,
427,fun game yet buggy absolutely sound game several game crashing bugs story mode,Feature,287160,
428,worked great first worked great scheduling feature says check connection unexpected error occurred tried wifi 4g also tried restarting phone uninstalling reinstalling program help zte avid,Feature,287161,
429,broken multiplayer doesnt work get failed connect every time would give 5 stars online ever gets fixed,Feature,287162,
430,doesnt start application gets loading screen force closes please fix running android 442 kit kat nexus 7 2013 assuming force closes using art runtime please update work art,Feature,287163,
431,new update rubbish really laggy slow going filters manual focus turning flash much preferred old interface samsung galaxy s3 mini,Feature,287164,
432,n4 kitkat still getting dark images pictures taken flash despite update,Feature,287165,
433,hm messages receive application show laptop version skype vice versa,Feature,287166,
434,samsung s3 amazing graphics keeps crashingeither race end please fix definitely 5 stars,Feature,287167,
435,annoyed would like log one time stays logged also camera would work works fine apps need fix soon possible,Feature,287168,
436,glitchy would never load new emails switched back native email client note ii,Feature,287169,
437,working corrupts every docx file save cost hours work paid editors choice really recommend program current state nexus 10 44,Feature,287170,
438,developers nd attention aftr processing quality picture gts dampened turns bad need fix ths,Feature,287171,
439,popularity herd behavior millions users wrong application application poor interface allows sorts strangers harass intuitive messaging works sometimes indication read bandwidth hog corporations hate networks oh still installed part herd,Feature,287172,
440,great game really like game display properly samsung galaxy ace get white background please fix want money back,Feature,287173,
441,needs fixing everytime get ready use picframe go pick photo return frame shows texture go problem everytime use restarting phone way get right want use please fix asap,Feature,287174,
442,loved recent update left less pleased double posting pics messing way cover photos look better fact worse use give 4 stars barely gets 2 please fix lose fans,Feature,287175,
443,functionality advertised still buggy use dslr controller via wifi 6d operation varying function aperture control white balance etc would cease react irreproducably timed bulb exposure advantage canons application reason bought application causes application camera crash disappointing expensive keep hoping reliable updates,Feature,287176,
444,create team game good try create team get go back button,Feature,287177,
445,sound google nexus 7 2013 5 star game otherwise fix sound change rating,Feature,287178,
446,idk forever download galaxy 3 mini long like downloaded says download wifi accepted still downloading two ing hrs,Feature,287179,
447,email marked unread reply email turns inbox,Feature,287180,
448,bad control really hard play controls real challenge killing fun,Feature,287181,
449,force closes time application isnt worth money crashes camera apps makes restart phone reopen application,Feature,287182,
450,fx waste clicked photos fx mode unable open mobile pc,Feature,287183,
451,could better app freezes time time laggy,Feature,287184,
452,works great keeps freezing completing really annoying youve spent long lets application great work,Feature,287185,
453,open apps whenever open apps shut seconds tried uninstall reinstall ok last update,Feature,287186,
454,update game crashes battle please fix problem,Feature,287187,
455,help let download saying memory phone loads,Feature,287188,
456,play brought amazing play dose work android samsung pad 2 work update soon possible please wait play hurry,Feature,287189,
457,worst ws awesome application last update doesent show pictures,Feature,287190,
458,native crash selecting new ship update fixed 0 0 issue application got native crash selecting new ship pros nice graphics beautiful ocean simulation cons immersive mode 44 devices game bit short game modeevent simple battle gets bit boring hours,Feature,287191,
459,love game since update crashes every time sink first battle since update galaxy note 2 please fix ill go back 5 stars,Feature,287192,
460,keeps autodeleting every 3 days application quite nice ever since last update keeps auto deleting reinstalled thrice including today wrong,Feature,287193,
461,load playin weeks sudden load,Feature,287194,
462,needs art support game updated today still doesnt support art runtime opens main screen force closes works fine dalvik application doesnt work art problem addressed update review rating,Feature,287195,
463,fix availability andriod open game please update version android phones ill wait uninstall,Feature,287196,
464,disappointing love easiness upload pics musichowever every single time go post video blinks play videoontop paid 199 watermark watch video,Feature,287197,
465,note 3 online working couple weeks ago able play online says connect check network highspeed internet,Feature,287198,
466,bug new update favourite tab working please check n solve issue,Feature,287199,
467,would good eould good focus wasnt screwed works fine camera apps except one focus set macro acts like set auto set auto acts macro forget night shot,Feature,287200,
468,black screen nexus 7 race starts screen goes black see car track please help,Feature,287201,
469,z keeps closingcrashing losing work z fix,Feature,287202,
470,apps intrusive happened apps since sudden antivitus telling 101 threats found apps howcome apps downloaded playstore threat even apps really intrusive,Feature,287203,
471,help messages send continue say pending help would nice,Feature,287204,
472,hanging phone hanging phone must 2 restart,Feature,287205,
473,please fix good game save online fix want money back,Feature,287206,
474,video call camera please fix camera video call galaxy tab 2 7 receiver see upside,Feature,287207,
475,okI would give higher rating small problem problem thatI tried import bookmarks android keeps crashing please fix thanks,Feature,287208,
476,ok love game update 0mb0mb loading ysing samsung galaxy s4 active,Feature,287209,
477,good since downloaded huge storage issues phone,Feature,287210,
478,great game sound working though sound stopped working mid game start rebooted phone reinstalled luck otherwise great worms game,Feature,287211,
479,nice update still crash sometimes new updates finebut still crashes sometime playing especially chapter 5 fighting man war storm weatherforce quit home screen hope fixes,Feature,287212,
480,wth worked fine see video music put instagram cuts end turned black,Feature,287213,
481,mixed review game works great htc desire x samsung galaxy tab3 stock jellybean weapons everything else goes invisible near impossible play please fix great game want info issue please reply,Feature,287214,
482,black screen get black screen using flash seem random anyone else experienced problem,Feature,287215,
483,get code get code even send phone number already please fix,Feature,287216,
484,fix please new update detected malware,Feature,287217,
485,please fix still download,Feature,287218,
486,working fine wlan distortion mobile internet,Feature,287219,
487,good works annoying plays getting fed uninstall doesnt allow work new picture,Feature,287220,
488,good sad good game overall couldnt open game reinstalled lost progress also bought coins lost also great game,Feature,287221,
489,impressive graduate student use tablet lot taking notes presentation read papers disappointed use software present ppt also draw free form option user friendly doesnt allow draw different colors erase,Feature,287222,
490,gd application think great application used time shut running appsaltho need delete bcuz room fonebut uninstall says needs b deactivated n still uninstalling need help,Feature,287223,
491,great application use daily however crashes force closes hell lot note 3 fix 5 stars much prefer application navigating web page phone,Feature,287224,
492,like lot changing flash setting still activates position freezing sometimes focusing ill reinstall clear data get working,Feature,287225,
493,bug gold mystery sprout work 100 chance give plant getting kinds already,Feature,287226,
494,freezes good game sometimes crashes needs forcefully stopped restated,Feature,287227,
495,works fine fun everythings good problem like mentioned another commentor crashes scroll ship selection little problem fun play good job ubi also says theres google play edition ship find,Feature,287228,
496,bad android reasons view pages album full screen instead got tiny preview middle leftright button sideyet ios version photo full screen please fix thanks,Feature,287229,
497,good running perfectly updatetask killer working displays tasks,Feature,287230,
498,pretty goodI edited many photos using application already something probably address photo always saving youre looking preview beautify tool good example may look fine preview save exactly get quality sometimes turns little pixalated overall remarkable application use conjunction apps,Feature,287231,
499,galaxy s4 gpe galaxy s4 google play edition save external sd card otherwise great application choose external sd save location save,Feature,287232,
500,good need update voice sometime back ground noise comes thanks,Feature,287233,
501,bugged last update caused game stop working even start please fix new update still didnt fix anything,Feature,287234,
502,would pull contacts facebook phone put phone,Feature,287235,
503,overall great application use daily would helpful entrance communion antiphons included appreciate new application purchase feature saint day either included program way remove buy button want purchase,Feature,287236,
504,update 149 rounds recorded iphone 3gs battery 7080 left rounds still side game tracking notes feature works somewhat finally fivesomes sixsomes best app golf 17 rounds belt application still happy new inapplication stats v13 blew away still waiting side games skins etc confused many golfers leave phone entire round pull mine walking ball usually 2030 yards away get positive satellite lock time standing ball read yardage put phone back sleep putting whip score entire foursome takes 15 seconds total put back sleep consistently 8085 battery life round complete get side gamesbetting included future update even cheerleader application used golfshot last 6 rounds continue use forever accurate easy use able email scorecard buddies review actual stats perks didnt know wanted live without ended cheaper buy new iphone 3gs application skycaddie looking stand alone golf gps units serious trouble,Feature,287237,
505,good application make great application video would great feature must need make timer continuous 5 second countdown would great restart automatically continuous self shots please add,Feature,287238,
506,ive application year love bring back backups dropbox transfer files laptop please,Feature,287239,
507,one good thing last update ws ability make folders able make folders inside folders wish could bad things last update typing lag annoying see happened since crazy graphical interface anything animated major thing pretty much deal breaker people removal tab button always hated tab button ruler would prefer one shift key place tab keyboard wish back top least go complicated process menu use itI stopped using pages since pain tab unless using bluetooth keyboard,Feature,287240,
508,actually believe application totally awesome helping prepare boards however muscle name given audio wish option hearing muscles info audio retaining info comes better audio activities constant quizzing,Feature,287241,
509,best video editor ever also like extras imovie thing wished could cut things people said didnt want love,Feature,287242,
510,like new features make product stanzalike still would like able go directly library list current place given book without pass toc page,Feature,287243,
511,already submitted review first downloaded stating app best well yesterday proved health condition yesterday go hospital emailed list printed able give doctor even nurses doctors impressed one thing however think would make app even better add comment area write comments regarding medications whatever,Feature,287244,
512,greatI wouldea application works okay gas chain restaurants literally find grocery stores cafes anything fast food large chains coffee shops starbucks foreign foods definitely nothing remotely healthy also lacking option submissionsi excited possibilities application reality much disappointing,Feature,287245,
513,99cents go wrongI would like map feature overall programmed well,Feature,287246,
514,day one ios devices mac works beautifully seamlessly smoothly add simple photo function youll rule journal application world five star,Feature,287247,
515,cool applicationI used search function need much,Feature,287248,
516,great application couple suggestions next update though add way see degree angles also would great actually able two videos side side compare,Feature,287249,
517,clear one bestdesigned user interfacesI ever encountered iphoneipad way apps simple easy giving 5 stars despite shortcomings 1 would nice sync desktop ical devices 2 needs reminders alerts due dates etc 3 kind support longer notes right singletapping item lets edit item maybe doubletapping let open items detail page could enter due date add alarm type longer note 4 also sharing list would great wife could add see others shopping lists though admit feature creep could detract clears simplicity,Feature,287250,
518,simple enough use love recurring transactions forgetting figuring balance checkbook every month reason got application export quickbooks although used feature yet reports great would love able main categories subcategories thats thing missing opinion make truly robust standalone financial management application keep good work,Feature,287251,
519,ok peoplethis application works stupid figure make something simple work shouldnt smart phone especially iphone thing keeping 5 stars addition contacts looking forward future updates,Feature,287252,
520,needs things like cheats another game modezombies instead call walking dead syndrome superb application though,Feature,287253,
521,love application easy learn use easy understand thing like choose option show temp feels like see temp actually would love able see time,Feature,287254,
522,wish would notify go certain dollar amount,Feature,287255,
523,pretty good application great free super slow load time needs fixed also change default time annoying sometimes forget change see homework also push notofications would wonderful great sophomore math major taking 20 hours application helped stay top things,Feature,287256,
524,easy use wished able determine hole,Feature,287257,
525,nice better map would center location automatically trim application,Feature,287258,
526,add function buy starbucks gift cards via itunes store wonder theyll add ios6 comes passbook,Feature,287259,
527,also like ww kitchen often add recipes would great two apps integrated added recipe ww kitchen could pull ww mobile,Feature,287260,
528,add photo editting optionthen application would perfect,Feature,287261,
529,sat worked equiv iq category based data given average professional college iq used program 119985 120 would really nice get integrated iqequiv feature showed us information like excel calculator made keep great work,Feature,287262,
530,seems like would great addition hold mail feature website also please include next release,Feature,287263,
531,would totally give 5 stars didnt use application send would nice able choose application inside text message email work,Feature,287264,
532,first dragon dictation dragon search amazing using slow 3g theyre beyond amazing wifes iphone 4 heavy user dragon dictation would useful able clear screen start new perhaps shaking iphone sometimes easier start rather edit one word,Feature,287265,
533,almost 2011 multitasking,Feature,287266,
534,would given 5 could pin pinterest,Feature,287267,
535,requires access grades itll get 5 strs book,Feature,287268,
536,great application need accessible speaker button,Feature,287269,
537,couldnt better really options copy results also send via textemail would like see option viewing results fullscreen sometimes end gets cut still copiespastes cool,Feature,287270,
538,great app useful easy use,Feature,287271,
539,application imagine got anywhere without experience approx 98 accurate spoken directions necessity youre driving alone one improvement would spoken directions little earlier especially busy highwayI would recommend application anyone looking reliable accurate directions,Feature,287272,
540,3 days need least 5 days seems user friendly easy follow perhaps added ingredientsnot multiple entries onion per se,Feature,287273,
541,decent application finally notifications please give us multi account login google,Feature,287274,
542,needs improvement,Feature,287275,
543,needs play next song one ends definetely get 5 stars,Feature,287276,
544,great application works great playlists wish worked pandora definitely worth paying pay version c25k date,Feature,287277,
545,love brave version better original graphics much better love phrases says objective hitting 100 stupid know howI done improved status targets hit given tally drop much like distance markers end target segment,Feature,287278,
546,convenient use however able switch accounts without unlinking phone would great also improvement media player would also help,Feature,287279,
547,one feature add able import multiple photos camera roll better,Feature,287280,
548,inverted colors icon induce retinal images inapplication whiteout hard eyes experience ipad air one huge expanses white badly contrasting offwhitelight blue stencilthin pale icons battling brightness spartan look works fine iphone proportionately less white assaulting eye ipad however keep trying reduce brightness display impacts contrast legibility also possible change names files folders,Feature,287281,
549,would nice grid view photos auto upload camera roll also would nice rename files last review still fixed application doesnt support mobi file uploads would nice save mobi files,Feature,287282,
550,dropbox design ios 7 still less air drop new thing update iphone think 4 5 still rename files,Feature,287283,
551,wish could edit word documents great,Feature,287284,
552,thanks applicationbut add offline modfor exmple want save one video iphoneand play vlc,Feature,287285,
553,able text documents,Feature,287286,
554,could create docs inside application would great,Feature,287287,
555,still gallery camera upload mode,Feature,287288,
556,amazing thing make better ability export videos camara roll,Feature,287289,
557,hey dropbox team please add ability rename files well ability gifs play know,Feature,287290,
558,super easy copy pictures clipboard even save phone download videos,Feature,287291,
559,beautiful application needs ability share folders people go need able email links people sending tons individual links people feasible,Feature,287292,
560,please include option view thumbnail larger viewing photo folder,Feature,287293,
561,would love able print right application instead go browser open another application otherwise convenient,Feature,287294,
562,ive using dropbox quite sometime earned fair amount space love able access files iphone ipad macbook internet via anyone elses computer last 2 updates disabled save camera roll feature use time come across several times since new update please please add feature back know screen shot prefer clean cut copy receive without boarders saving images camera roll,Feature,287295,
563,love application wish could highlight words pdfs create bookmarks would possible piont,Feature,287296,
564,sign separate drop box accounts,Feature,287297,
565,put folders first files would put folder favorite thus putting files inside favorite,Feature,287298,
566,get push notifications things shared besides folders boyfriend photographer often sticks photos shared folder would like notification things arrive turned never get,Feature,287299,
567,fact search within folders extremely useful makes accessing files go far convenient also think latest style refresh big positive right direction use dropbox devices would like see sorting within application improved eg date good otherwise,Feature,287300,
568,please add support animated gifs,Feature,287301,
569,love application allowing keep notes organized synchrd across devices also love feature sharing stuff mates thing long collaboration notes,Feature,287302,
570,original ipad mini maybe thats part deal seems like still little thins need work example spell check doesnt work right search slow times neither others keep giving application great rating also think improvements hope see future one full screen mode maybe missing time get full screen start new noteI would like options reading editing keep good work,Feature,287303,
571,premium account use evernote business personal items day long frustrated new advertisement sectionI graced despite paying advertisements also logic behind new tag section really like tag section want organize pops find master list reminders application desktop version maybe havent looked hard enough seems gaping oversight calandra would nifty well,Feature,287304,
572,outstanding would nice pc application features available ios application,Feature,287305,
573,application present good features lot bugs missing hotkeys make writing easier,Feature,287306,
574,love pasting notes ever note paste passwords paste copies receipts anything need locate later easily find one location search option handy well wish instructions clearer,Feature,287307,
575,useful helpful application opinion thing missing video handling add pictures audio notes think able add videos,Feature,287308,
576,almost everything except allowing make quick diagram hand allow take pic record voice helps,Feature,287309,
577,become main notes program wish could handwriting love put outlook emails using note apps ipad,Feature,287310,
578,really great application tool manage multiple projects scattered notes wish calendar integration sub folders within stacks also evernote hello categorizing make mistake swear program,Feature,287311,
579,thanks evernote great application use daily keep glutenfree dairyfree recipes organized tip please allow search notebooks helpful locate ingredient rather searching within notebook individually also would love pay flat fee able access notes offline thanks,Feature,287312,
580,would give 5 stars two additional features ability use scroll bar ipad iphone rather swipe swipe swipe swipe get bottom note ability keyword search go keyword like laptop version search feature word good search within note find word two things ios please,Feature,287313,
581,user friendly easy use easy directed wished better gps function,Feature,287314,
582,great information available wish maps locations newer hotels updated also would love individual resort map resorts available view would great age property renovation dates included hotels,Feature,287315,
583,tend provide reviews fly wish could edit application also wished way respond replies one hotel accurately described tripadvisor misleading website point,Feature,287316,
584,application helpful honeymoon search would nice able enlarge photos though perfect,Feature,287317,
585,great application beautiful layout wish saved items could viewed offline,Feature,287318,
586,still landscape weird every application ability go either direction bad,Feature,287319,
587,need show bampb small inns,Feature,287320,
588,please add landscape support fatfingered users,Feature,287321,
589,great application one great application chat please increase upload limit useful,Feature,287322,
590,increase participants group increase participants group update,Feature,287323,
591,awesome bt please increase size videos send,Feature,287324,
592,galaxy gear support please create application galaxy gear read notifications gear would love option reply directly gear thanks,Feature,287325,
593,hope whatsapp sms though,Feature,287326,
594,one thing needed able subboards example would board food board food could sub board dessert healthy brunch,Feature,287327,
595,love great application way multi check pins editing deleting moving another board rather one time,Feature,287328,
596,ive addicted forever thing would change time want organized make another board wish move pin button place another board current technique repin delete old board,Feature,287329,
597,great complaint able change picture represents boards user friendlier way change settings customizeadd pictures boards,Feature,287330,
598,best great like nice good job please add frame free pack,Feature,287331,
599,perfect vry good application editingplz add interesting frame,Feature,287332,
600,wonderful could better tools builtin depending upon network connection,Feature,287333,
601,dropbox great service however use camera upload option ios 7 uploads original photo edited one otherwiseI would rate dropbox 5 stars,Feature,287334,
602,love service annotations pdfs disappeared dropbox since ios 7 update need back please,Feature,287335,
603,still ability change file names basic function hard believe amount time error messages simply trying move files response dropbox,Feature,287336,
604,hoped update would bring back open option didnt importing files apps major pain option removed please bring back,Feature,287337,
605,slow uploading poor background uploading really need 3h upload several megabyte video 10 mbit internet,Feature,287338,
606,share folders reason made dropbox first place ugh,Feature,287339,
607,add voice memo iphone,Feature,287340,
608,would easily 5 star application bestI wouldea ever loses 2 stars download one photo time huge inconvenience,Feature,287341,
609,even google drive refresh folders simple suggestions increase usability 1 currently leave folder come back wish refresh folder let refresh folder refresh button view changes files streamlined manner constantly compiling document computer using ipad check looks okay constantly editing photo want high quality true color representation thenrefresh 2 refresh button 3 button refreshes current folders contents 4 air smells bit refresh 5 stupidly simple add refresh button 6 mentos refresh button maker 7 theres space top left application header add refresh button nothing moment lonely 8 give r give e give f give r give e give give h spell easily implementable refresh button high utility even people know need yet yay,Feature,287342,
610,update would step could actually see pdfs,Feature,287343,
611,put things dropbox folder desktop find files date modified name etc application incomprehensible unmodifyable sorting function almost impossible find files within application find phone believe favorite challenge find,Feature,287344,
612,good cent updates notes vanish randomly keep getting sync error application needs added features,Feature,287345,
613,places menus old version missing new one application extremely helpful easy use much improved navigation,Feature,287346,
614,new update loads slower closes press back viewing photos update glitches like search method wish guys would make easier find resorts hotels similar ones previously looked like viewed months ago 5 star resort lazy river show similar resorts would like stay another place statecountry,Feature,287347,
615,impossible refine hotel search specific criteria beyond location price quality well done quality reviews coverage reasons use ta especially peak seasonal flows many us travel pets terrible time finding clean reliable hotels sites pet travel woefully inadequate hard would include additional search filter would bring helpful reviews would enhance site experience also improve field,Feature,287348,
616,get enough brilliant application switched samsung galaxy note 2 iphone noticed option switch timestamps unavailable samsung devices could included next update 5 star rating sorted,Feature,287349,
617,useful improved happy progress application many updates seem make change see names many boards needs wrapped text function board names long board names seen indexing slow many pins take weeks come search,Feature,287350,
618,video playback sucks wonderful application minus videos play one takes internet browser youtube please allow inapplication playback bypass nonsense,Feature,287351,
